# 数据库

## 什么是数据库？

数据库（Database）是按照数据结构来组织、存储和管理数据的仓库。

关系数据库管理系统(Relational Database Management System)的特点：

-   1.数据以表格的形式出现
-   2.每行为各种记录名称
-   3.每列为记录名称所对应的数据域
-   4.许多的行和列组成一张表单
-   5.若干的表单组成database

## 几个术语

-   **主键**：**主键是唯一的**。一个数据表中只能包含一个主键。你可以使用主键来查询数据。
-   **外键：**外键用于关联两个表。
-   **复合键**：复合键（组合键）将多个列作为一个索引键，一般用于复合索引。
-   **索引：**使用索引可快速访问数据库表中的特定信息。索引是对数据库表中一列或多列的值进行排序的一种结构。类似于书籍的目录。

## create 创建数据库


我们可以在登陆 MySQL 服务后，使用 **create** 命令创建数据库，语法如下:

```mysql
CREATE DATABASE 数据库名;
```

## drop 删除数据库

drop 命令格式：

```mysql
drop database <数据库名>;
```

## use 选择 MySQL 数据库

```mysql
use 数据库名;
```

## 创建 MySQL 数据表

```mysql
CREATE TABLE table_name (column_name column_type);
```



创建数据表runoob_tbl：

```mysql
CREATE TABLE IF NOT EXISTS `runoob_tbl`(
   `runoob_id` INT UNSIGNED AUTO_INCREMENT,
   `runoob_title` VARCHAR(100) NOT NULL,
   `runoob_author` VARCHAR(40) NOT NULL,
   `submission_date` DATE,
   PRIMARY KEY ( `runoob_id` )
)ENGINE=InnoDB DEFAULT CHARSET=utf8;
```

## 删除数据表

```mysql
DROP TABLE 数据表名;
```

## insert into 插入数据

通用的 **INSERT INTO** SQL语法：

```mysql
INSERT INTO table_name ( field1, field2,...fieldN )
                       VALUES
                       ( value1, value2,...valueN );
```



如果数据是字符型，必须使用单引号或者双引号，如："value"。

## select 查询数据

通用的 SELECT 语法：

```mysql
SELECT column_name,column_name
FROM table_name
[WHERE Clause]
[LIMIT N][ OFFSET M]
```



-   查询语句中你可以使用一个或者多个表，表之间使用逗号(,)分割，并使用WHERE语句来设定查询条件。
-   SELECT 命令可以读取一条或者多条记录。
-   你可以使用星号（*）来代替其他字段，SELECT语句会返回表的所有字段数据
-   你可以使用 WHERE 语句来包含任何条件。
-   你可以使用 LIMIT 属性来设定返回的记录数。
-   你可以通过OFFSET指定SELECT语句开始查询的数据偏移量。默认情况下偏移量为0。



## where 子句

-   查询语句中你可以使用一个或者多个表，表之间使用逗号**,** 分割，并使用WHERE语句来设定查询条件。
-   你可以在 WHERE 子句中指定任何条件。
-   你可以使用 AND 或者 OR 指定一个或多个条件。
-   WHERE 子句也可以运用于 SQL 的 DELETE 或者 UPDATE 命令。
-   WHERE 子句类似于程序语言中的 if 条件，根据 MySQL 表中的字段值来读取指定的数据。



## UPDATE 更新

通用 SQL 语法：

```mysql
UPDATE table_name SET field1=new-value1, field2=new-value2
[WHERE Clause]
```



-   你可以同时更新一个或多个字段。
-   你可以在 WHERE 子句中指定任何条件。
-   你可以在一个单独表中同时更新数据。



## DELETE 语句

通用语法：

```mysql
DELETE FROM table_name [WHERE Clause]
```



-   如果没有指定 WHERE 子句，MySQL 表中的所有记录将被删除。
-   你可以在 WHERE 子句中指定任何条件
-   您可以在单个表中一次性删除记录。



## LIKE 子句

-   在 where 子句中使用
-   使用 **%** 字符来表示任意字符



## ALTER 命令

修改数据表名或者修改数据表字段

### 删除，添加或修改表字段

如下命令使用了 ALTER 命令及 DROP 子句来删除以上创建表的 i 字段：

```mysql
mysql> ALTER TABLE testalter_tbl  DROP i;
```

如果数据表中只剩余一个字段则无法使用DROP来删除字段。

MySQL 中使用 ADD 子句来向数据表中添加列，如下实例在表 testalter_tbl 中添加 i 字段，并定义数据类型:

```mysql
mysql> ALTER TABLE testalter_tbl ADD i INT;
```

### 修改字段类型及名称

如果需要修改字段类型及名称, 你可以在ALTER命令中使用 MODIFY 或 CHANGE 子句 。

例如，把字段 c 的类型从 CHAR(1) 改为 CHAR(10)，可以执行以下命令:

```mysql
mysql> ALTER TABLE testalter_tbl MODIFY c CHAR(10);
```

使用 CHANGE 子句, 语法有很大的不同。 在 CHANGE 关键字之后，紧跟着的是你要修改的字段名，然后指定新字段名及类型。尝试如下实例：

```mysql
mysql> ALTER TABLE testalter_tbl CHANGE i j BIGINT;
```

当你修改字段时，你可以指定是否包含值或者是否设置默认值。

以下实例，指定字段 j 为 NOT NULL 且默认值为100 。

```mysql
mysql> ALTER TABLE testalter_tbl 
    -> MODIFY j BIGINT NOT NULL DEFAULT 100;
```

如果你不设置默认值，MySQL会自动设置该字段默认为 NULL。

修改字段默认值

你可以使用 ALTER 来修改字段的默认值，尝试以下实例：

```mysql
mysql> ALTER TABLE testalter_tbl ALTER i SET DEFAULT 1000;
```



## UNION 操作符

UNION 操作符用于连接两个以上的 SELECT 语句的结果组合到一个结果集合中。多个 SELECT 语句会删除重复的数据。

UNION 操作符语法格式：

```mysql
SELECT expression1, expression2, ... expression_n
FROM tables
[WHERE conditions]
UNION [ALL | DISTINCT]
SELECT expression1, expression2, ... expression_n
FROM tables
[WHERE conditions];
```



-   **DISTINCT:** 可选，删除结果集中重复的数据。默认情况下 UNION 操作符已经删除了重复数据，所以 DISTINCT 修饰符对结果没啥影响。
-   **ALL:** 可选，返回所有结果集，包含重复数据。



## 排序（默认升序）

ORDER BY 子句将查询数据排序后再返回数据：

```mysql
SELECT field1, field2,...fieldN 
FROM table_name1, table_name2...
ORDER BY field1 [ASC [DESC][默认 ASC]], [field2...] [ASC [DESC][默认 ASC]]
```



## 分组 GROUP BY 语句

GROUP BY 语句根据一个或多个列对结果集进行分组。

在分组的列上我们可以使用 COUNT, SUM, AVG,等函数。

### GROUP BY 语法

```mysql
SELECT column_name, function(column_name)
FROM table_name
WHERE column_name operator value
GROUP BY column_name;
```



## 多表查询 union

-   **INNER JOIN（内连接,或等值连接）**：获取两个表中字段匹配关系的记录。
-   **LEFT JOIN（左连接）：**获取左表所有记录，即使右表没有对应匹配的记录。
-   **RIGHT JOIN（右连接）：** 与 LEFT JOIN 相反，用于获取右表所有记录，即使左表没有对应匹配的记录。



## NULL 值处理

查找数据表中列是否为 NULL，必须使用 **IS NULL** 和 **IS NOT NULL**

```mysql
mysql> SELECT * FROM runoob_test_tbl WHERE runoob_count IS NULL;
+---------------+--------------+
| runoob_author | runoob_count |
+---------------+--------------+
| 菜鸟教程  | NULL         |
| Google        | NULL         |
+---------------+--------------+
2 rows in set (0.01 sec)
 
mysql> SELECT * from runoob_test_tbl WHERE runoob_count IS NOT NULL;
+---------------+--------------+
| runoob_author | runoob_count |
+---------------+--------------+
| RUNOOB        | 20           |
| FK            | 20           |
+---------------+--------------+
2 rows in set (0.01 sec)
```



## 正则表达式 regexp（瑞杰克斯普）

MySQL中使用 REGEXP 操作符来进行正则表达式匹配

| 模式       | 描述                                                         |
| :--------- | :----------------------------------------------------------- |
| ^          | 匹配输入字符串的开始位置。                                   |
| $          | 匹配输入字符串的结束位置。                                   |
| .          | 匹配除 "\n" 之外的任何单个字符。要匹配包括 '\n' 在内的任何字符，请使用像 '[.\n]' 的模式。 |
| [...]      | 字符集合。匹配所包含的任意一个字符。例如， '[abc]' 可以匹配 "plain" 中的 'a'。 |
| [^...]     | 负值字符集合。匹配未包含的任意字符。例如， '[^abc]' 可以匹配 "plain" 中的'p'。 |
| p1\|p2\|p3 | 匹配 p1 或 p2 或 p3。例如，'z\|food' 能匹配 "z" 或 "food"。'(z\|f)ood' 则匹配 "zood" 或 "food"。 |
| *          | 匹配前面的子表达式零次或多次。例如，zo* 能匹配 "z" 以及 "zoo"。* 等价于{0,}。 |
| +          | 匹配前面的子表达式一次或多次。例如，'zo+' 能匹配 "zo" 以及 "zoo"，但不能匹配 "z"。+ 等价于 {1,}。 |
| {n}        | n 是一个非负整数。匹配确定的 n 次。例如，'o{2}' 不能匹配 "Bob" 中的 'o'，但是能匹配 "food" 中的两个 o。 |
| {n,m}      | m 和 n 均为非负整数，其中n <= m。最少匹配 n 次且最多匹配 m 次。 |



查找name字段中以'st'为开头的所有数据：

```mysql
mysql> SELECT name FROM person_tbl WHERE name REGEXP '^st';
```

查找name字段中以'ok'为结尾的所有数据：

```mysql
mysql> SELECT name FROM person_tbl WHERE name REGEXP 'ok$';
```

查找name字段中包含'mar'字符串的所有数据：

```mysql
mysql> SELECT name FROM person_tbl WHERE name REGEXP 'mar';
```

查找name字段中以元音字符开头或以'ok'字符串结尾的所有数据：

```mysql
mysql> SELECT name FROM person_tbl WHERE name REGEXP '^[aeiou]|ok$';
```



## MySQL 事务

-   在 MySQL 中只有使用了 Innodb 数据库引擎的数据库或表才支持事务。
-   事务处理可以用来维护数据库的完整性，保证成批的 SQL 语句要么全部执行，要么全部不执行。
-   事务用来管理 insert,update,delete 语句



### MYSQL 事务处理主要有两种方法：

1、用 BEGIN, ROLLBACK, COMMIT来实现

-   **BEGIN** 开始一个事务
-   **ROLLBACK** 事务回滚
-   **COMMIT** 事务确认

2、直接用 SET 来改变 MySQL 的自动提交模式:

-   **SET AUTOCOMMIT=0** 禁止自动提交
-   **SET AUTOCOMMIT=1** 开启自动提交



## MySQL 索引

索引分单列索引和组合索引。

单列索引，即一个索引只包含单个列，一个表可以有多个单列索引，但这不是组合索引。

组合索引，即一个索引包含多个列。

索引也是一张表，该表保存了主键与索引字段，并指向实体表的记录。

索引也会有它的缺点：虽然索引大大提高了查询速度，同时却会降低更新表的速度，如对表进行INSERT、UPDATE和DELETE。因为更新表时，MySQL不仅要保存数据，还要保存一下索引文件。

## 普通索引

### 创建索引

这是最基本的索引，它没有任何限制。它有以下几种创建方式：

```mysql
CREATE INDEX indexName ON table_name (column_name)
```

如果是CHAR，VARCHAR类型，length可以小于字段实际长度；如果是BLOB和TEXT类型，必须指定 length。

### 修改表结构(添加索引)

```mysql
ALTER table tableName ADD INDEX indexName(columnName)
```

### 创建表的时候直接指定

```mysql
CREATE TABLE mytable(  
 
ID INT NOT NULL,   
 
username VARCHAR(16) NOT NULL,  
 
INDEX [indexName] (username(length))  
 
);  
```

### 删除索引的语法

```mysql
DROP INDEX [indexName] ON mytable; 
```

## 唯一索引

它与前面的普通索引类似，不同的就是：索引列的值必须唯一，但允许有空值。如果是组合索引，则列值的组合必须唯一。它有以下几种创建方式：

### 创建索引

```mysql
CREATE UNIQUE INDEX indexName ON mytable(username(length)) 
```

### 修改表结构

```mysql
ALTER table mytable ADD UNIQUE [indexName] (username(length))
```

### 创建表的时候直接指定

```mysql
CREATE TABLE mytable(  
 
ID INT NOT NULL,   
 
username VARCHAR(16) NOT NULL,  
 
UNIQUE [indexName] (username(length))  
 
);  
```

### 使用ALTER 命令添加和删除索引

有四种方式来添加数据表的索引：

-   ALTER TABLE tbl_name ADD PRIMARY KEY (column_list):该语句添加一个主键，这意味着索引值必须是唯一的，且不能为NULL。
-   **ALTER TABLE tbl_name ADD UNIQUE index_name (column_list):** 这条语句创建索引的值必须是唯一的（除了NULL外，NULL可能会出现多次）。
-   **ALTER TABLE tbl_name ADD INDEX index_name (column_list):** 添加普通索引，索引值可出现多次。
-   **ALTER TABLE tbl_name ADD FULLTEXT index_name (column_list):**该语句指定了索引为 FULLTEXT ，用于全文索引。

以下实例为在表中添加索引。

```mysql
mysql> ALTER TABLE testalter_tbl ADD INDEX (c);
```

你还可以在 ALTER 命令中使用 DROP 子句来删除索引。尝试以下实例删除索引:

```mysql
mysql> ALTER TABLE testalter_tbl DROP INDEX c;
```


### 使用 ALTER 命令添加和删除主键

主键作用于列上（可以一个列或多个列联合主键），添加主键索引时，你需要确保该主键默认不为空（NOT NULL）。实例如下：

```mysql
mysql> ALTER TABLE testalter_tbl MODIFY i INT NOT NULL;
mysql> ALTER TABLE testalter_tbl ADD PRIMARY KEY (i);
```

你也可以使用 ALTER 命令删除主键：

```mysql
mysql> ALTER TABLE testalter_tbl DROP PRIMARY KEY;
```

删除主键时只需指定PRIMARY KEY，但在删除索引时，你必须知道索引名。


### 显示索引信息

你可以使用 SHOW INDEX 命令来列出表中的相关的索引信息。可以通过添加 \G 来格式化输出信息。

尝试以下实例:

```mysql
mysql> SHOW INDEX FROM table_name; \G
........
```



## MySQL 临时表（加个关键字 temporary）

保存一些临时数据

临时表只在当前连接可见，当关闭连接时，Mysql会自动删除表并释放所有空间，也可以手动删除。



## MySQL 复制表

 **SHOW CREATE TABLE** 命令获取创建数据表(**CREATE TABLE**) 语句，该语句包含了原数据表的结构，索引等

```mysql
CREATE TABLE targetTable LIKE sourceTable;
INSERT INTO targetTable SELECT * FROM sourceTable;
```



REPL(Read Eval Print Loop:交互式解释器) 



## 获取服务器元数据

以下命令语句可以在 MySQL 的命令提示符使用

| 命令               | 描述                      |
| :----------------- | :------------------------ |
| SELECT VERSION( )  | 服务器版本信息            |
| SELECT DATABASE( ) | 当前数据库名 (或者返回空) |
| SELECT USER( )     | 当前用户名                |
| SHOW STATUS        | 服务器状态                |
| SHOW VARIABLES     | 服务器配置变量            |



## MySQL 序列使用

MySQL 序列是一组整数：1, 2, 3, ...，由于一张数据表只能有一个字段自增主键， 如果你想实现其他字段也实现自动增加，就可以使用MySQL序列来实现。

-   使用 AUTO_INCREMENT 来定义序列
-   使用 LAST_INSERT_ID( ) 函数来获取最后的插入表中的自增列的值



## 防止SQL注入

注意以下几个要点：

-   1.永远不要信任用户的输入。对用户的输入进行校验，可以通过正则表达式，或限制长度；对单引号和 双"-"进行转换等。
-   2.永远不要使用动态拼装sql，可以使用参数化的sql或者直接使用存储过程进行数据查询存取。
-   3.永远不要使用管理员权限的数据库连接，为每个应用使用单独的权限有限的数据库连接。
-   4.不要把机密信息直接存放，加密或者hash掉密码和敏感的信息。
-   5.应用的异常信息应该给出尽可能少的提示，最好使用自定义的错误信息对原始错误信息进行包装
-   6.sql注入的检测方法一般采取辅助软件或网站平台来检测，软件一般采用sql注入检测工具jsky，网站平台就有亿思网站安全平台检测工具。MDCSOFT SCAN等。采用MDCSOFT-IPS可以有效的防御SQL注入，XSS攻击等。



## 导出数据

使用 SELECT ... INTO OUTFILE 语句导出数据

可以通过命令选项来设置数据输出的指定格式，以下实例为导出 CSV 格式：

```mysql
mysql> SELECT * FROM passwd INTO OUTFILE '/tmp/runoob.txt'
    -> FIELDS TERMINATED BY ',' ENCLOSED BY '"'
    -> LINES TERMINATED BY '\r\n';
```



## 导入数据

### source 命令导入

source 命令导入数据库需要先登录到数库终端：

```mysql
mysql> create database abc;      # 创建数据库
mysql> use abc;                  # 使用已创建的数据库 
mysql> set names utf8;           # 设置编码
mysql> source /home/abc/abc.sql  # 导入备份数据库
```



## 参考文献



>   菜鸟论坛